players,2016-07-11
Antonio Brown,1
Odell Beckham Jr.,2
Le'Veon Bell,3
Julio Jones,4
Todd Gurley,5
David Johnson,6
Adrian Peterson,7
Rob Gronkowski,8
Ezekiel Elliott,9
DeAndre Hopkins,10
Dez Bryant,11
A.J. Green,12
Lamar Miller,13
Allen Robinson,14
Jordy Nelson,15
Jamaal Charles,16
Alshon Jeffery,17
Mike Evans,18
Doug Martin,19
Devonta Freeman,20
Brandon Marshall,21
Eddie Lacy,22
Mark Ingram,23
Keenan Allen,24
Amari Cooper,25
LeSean McCoy,26
Demaryius Thomas,27
Brandin Cooks,28
Cam Newton,29
T.Y. Hilton,30
C.J. Anderson,31
Aaron Rodgers,32
Carlos Hyde,33
Sammy Watkins,34
Randall Cobb,35
Matt Forte,36
Andrew Luck,37
Russell Wilson,38
Thomas Rawls,39
Julian Edelman,40
Jeremy Maclin,41
Jordan Reed,42
Kelvin Benjamin,43
Greg Olsen,44
Golden Tate,45
Jonathan Stewart,46
Latavius Murray,47
Eric Decker,48
DeMarco Murray,49
Jay Ajayi,50
Ryan Mathews,51
Jarvis Landry,52
Ben Roethlisberger,53
Doug Baldwin,54
Drew Brees,55
Jeremy Hill,56
Dion Lewis,57
Michael Floyd,58
Jordan Matthews,59
Matt Jones,60
Carson Palmer,61
Emmanuel Sanders,62
John Brown,63
Larry Fitzgerald,64
Travis Kelce,65
Donte Moncrief,66
Devante Parker,67
Frank Gore,68
Jeremy Langford,69
Delanie Walker,70
Allen Hurns,71
Giovani Bernard,72
Melvin Gordon,73
Tom Brady,74
DeSean Jackson,75
Blake Bortles,76
Michael Crabtree,77
Ameer Abdullah,78
Eli Manning,79
Tyler Eifert,80
Danny Woodhead,81
T.J. Yeldon,82
Kevin White,83
Duke Johnson,84
Gary Barnidge,85
Chris Ivory,86
Tyler Lockett,87
Coby Fleener,88
Marvin Jones,89
Philip Rivers,90
Corey Coleman,91
Tony Romo,92
Zach Ertz,93
Ladarius Green,94
Karlos Williams,95
Charles Sims,96
Rashad Jennings,97
Derek Carr,98
Isaiah Crowell,99
Julius Thomas,100
Antonio Gates,101
Willie Snead,102
Torrey Smith,103
Dorial Green-Beckham,104
Justin Forsett,105
Sterling Shepard,106
Andy Dalton,107
Laquon Treadwell,108
Derrick Henry,109
Marcus Mariota,110
Tyrod Taylor,111
Vincent Jackson,112
Markus Wheaton,113
Steve Smith,114
LeGarrette Blount,115
Kirk Cousins,116
Matt Ryan,117
Jameis Winston,118
Tavon Austin,119
Stefon Diggs,120
Travis Benjamin,121
Matthew Stafford,122
Eric Ebron,123
Dwayne Allen,124
Kamar Aiken,125
Ryan Tannehill,126
Tevin Coleman,127
Jimmy Graham,128
Kenneth Dixon,129
Theo Riddick,130
Josh Doctson,131
Jordan Howard,132
Michael Thomas,133
Jason Witten,134
C.J. Prosise,135
Seattle Seahawks,136
Javorius Allen,137
Martellus Bennett,138
Bilal Powell,139
DeAngelo Williams,140
Denver Broncos,141
Kendall Wright,142
Austin Seferian-Jenkins,143
Zach Miller,144
Mohamed Sanu,145
Jay Cutler,146
Joe Flacco,147
Devin Funchess,148
Arian Foster,149
Phillip Dorsett,150
Jordan Cameron,151
Houston Texans,152
Arizona Cardinals,153
Darren McFadden,154
Mike Wallace,155
Carolina Panthers,156
Terrance Williams,157
Pierre Garcon,158
Charles Clay,159
Shane Vereen,160
Paul Perkins,161
Jerick McKinnon,162
Breshad Perriman,163
Nelson Agholor,164
Rishard Matthews,165
Jared Cook,166
Alex Smith,167
Devontae Booker,168
Sammie Coates,169
Ted Ginn,170
Josh Gordon,171
Ryan Fitzpatrick,172
James Starks,173
Los Angeles Rams,174
DeAndre Washington,175
Kenyan Drake,176
Chris Hogan,177
Darren Sproles,178
Brock Osweiler,179
Clive Walford,180
Kyle Rudolph,181
Tyler Boyd,182
Jeff Janis,183
Steve Johnson,184
Alfred Morris,185
Rueben Randle,186
Chris Thompson,187
Chris Johnson,188
Will Fuller,189
New England Patriots,190
Will Tye,191
Charcandrick West,192
Ronnie Hillman,193
Benjamin Watson,194
Vance McDonald,195
Buffalo Bills,196
Tim Hightower,197
Anquan Boldin,198
Kansas City Chiefs,199
Robert Griffin,200
Wendell Smallwood,201
New York Jets,202
Robert Woods,203
Teddy Bridgewater,204
Jermaine Kearse,205
Sam Bradford,206
Jaelen Strong,207
Kenny Britt,208
Brandon LaFell,209
Davante Adams,210
James White,211
C.J. Spiller,212
Cincinnati Bengals,213
Danny Amendola,214
Zach Zenner,215
Keith Marshall,216
Minnesota Vikings,217
Andre Ellington,218
Richard Rodgers,219
Spencer Ware,220
Tyler Ervin,221
Seth Roberts,222
Blaine Gabbert,223
Colin Kaepernick,224
Austin Hooper,225
Shaun Draughn,226
DeAndre Smelter,227
Mark Sanchez,228
Brian Hartline,229
Jared Goff,230
Victor Cruz,231
Darrius Heyward-Bey,232
Josh Ferguson,233
Jace Amaro,234
Oakland Raiders,235
Geno Smith,236
Christine Michael,237
Jacob Tamme,238
Justin Hardy,239
Khiry Robinson,240
Jamison Crowder,241
Albert Wilson,242
Green Bay Packers,243
Nate Washington,244
Ka'Deem Carey,245
Cameron Artis-Payne,246
Miami Dolphins,247
Paxton Lynch,248
Eddie Royal,249
Alfred Blue,250
Kenny Stills,251
Lance Kendricks,252
Brandon Coleman,253
Cameron Brate,254
Philly Brown,255
Brian Quick,256
Carson Wentz,257
Josh McCown,258
Cecil Shorts,259
J.J. Nelson,260
Jeff Heuerman,261
Leonte Carroo,262
Quinton Patton,263
Stevan Ridley,264
Lance Dunbar,265
Baltimore Ravens,266
Hunter Henry,267
Antonio Andrews,268
Tajae Sharpe,269
Rashard Higgins,270
Bruce Ellington,271
Maxx Williams,272
Jacksonville Jaguars,273
Andre Williams,274
Devin Smith,275
Cody Latimer,276
Stephen Gostkowski,277
Larry Donnell,278
Cole Beasley,279
Philadelphia Eagles,280
David Cobb,281
Chris Conley,282
Robert Turbin,283
Benny Cunningham,284
Braxton Miller,285
Andrew Hawkins,286
Ryan Griffin,287
Tre Mason,288
Trent Richardson,289
Pharoh Cooper,290
Justin Tucker,291
Graham Gano,292
Denard Robinson,293
Pittsburgh Steelers,294
Steven Hauschka,295
Darren Fells,296
Chandler Catanzaro,297
Dan Bailey,298
Tyler Higbee,299
Ty Montgomery,300
Josh Hill,301
Luke Willson,302
Adam Vinatieri,303
Kenny Bell,304
Marqise Lee,305
Mason Crosby,306
Garrett Celek,307
Brandon McManus,308
New Orleans Saints,309
Roberto Aguayo,310
Josh Brown,311
Blair Walsh,312
Chris Boswell,313
Cairo Santos,314
Vernon Davis,315
Crockett Gillmore,316
Matt Prater,317
Matt Bryant,318
Cleveland Browns,319
Nick Novak,320
Indianapolis Colts,321
Chicago Bears,322
Tampa Bay Buccaneers,323
Robbie Gould,324
Owen Daniels,325
Detroit Lions,326
Atlanta Falcons,327
Dallas Cowboys,328
New York Giants,329
San Diego Chargers,330
San Francisco 49ers,331
Tennessee Titans,332
